distance;name;num_run;custom_cost
3;Dual Surface;0;289
3;Rotated Surface;0;93
3;Concatenated;0;2009
3;Measurement State Prep;0;2945
3;Tanner Network;0;2417
3;Dual Surface;1;265
3;Rotated Surface;1;89
3;Concatenated;1;2329
3;Measurement State Prep;1;2639
3;Tanner Network;1;2349
3;Dual Surface;2;285
3;Rotated Surface;2;91
3;Concatenated;2;2073
3;Measurement State Prep;2;3015
3;Tanner Network;2;2309
3;Dual Surface;3;257
3;Rotated Surface;3;87
3;Concatenated;3;2361
3;Measurement State Prep;3;2891
3;Tanner Network;3;2345
3;Dual Surface;4;265
3;Rotated Surface;4;91
3;Concatenated;4;2385
3;Measurement State Prep;4;2841
3;Tanner Network;4;1825
3;Dual Surface;5;257
3;Rotated Surface;5;119
3;Concatenated;5;2065
3;Measurement State Prep;5;2551
3;Tanner Network;5;2497
3;Dual Surface;6;273
3;Rotated Surface;6;89
3;Concatenated;6;2121
3;Measurement State Prep;6;2839
3;Tanner Network;6;2313
3;Dual Surface;7;289
3;Rotated Surface;7;95
3;Concatenated;7;2081
3;Measurement State Prep;7;2515
3;Tanner Network;7;2449
3;Dual Surface;8;265
3;Rotated Surface;8;89
3;Concatenated;8;2161
3;Measurement State Prep;8;2501
3;Tanner Network;8;2369
3;Dual Surface;9;273
3;Rotated Surface;9;89
3;Concatenated;9;2281
3;Measurement State Prep;9;2385
3;Tanner Network;9;2361
3;Dual Surface;10;273
3;Rotated Surface;10;93
3;Concatenated;10;2241
3;Measurement State Prep;10;3085
3;Tanner Network;10;2345
3;Dual Surface;11;281
3;Rotated Surface;11;87
3;Concatenated;11;2033
3;Measurement State Prep;11;3279
3;Tanner Network;11;2321
3;Dual Surface;12;273
3;Rotated Surface;12;91
3;Concatenated;12;2329
3;Measurement State Prep;12;2409
3;Tanner Network;12;2349
3;Dual Surface;13;265
3;Rotated Surface;13;89
3;Concatenated;13;2393
3;Measurement State Prep;13;2979
3;Tanner Network;13;2241
3;Dual Surface;14;289
3;Rotated Surface;14;89
3;Concatenated;14;1985
3;Measurement State Prep;14;2779
3;Tanner Network;14;2449
3;Dual Surface;15;305
3;Rotated Surface;15;93
3;Concatenated;15;2289
3;Measurement State Prep;15;2917
3;Tanner Network;15;2665
3;Dual Surface;16;249
3;Rotated Surface;16;87
3;Concatenated;16;2345
3;Measurement State Prep;16;3051
3;Tanner Network;16;2345
3;Dual Surface;17;273
3;Rotated Surface;17;91
3;Concatenated;17;2081
3;Measurement State Prep;17;2795
3;Tanner Network;17;2357
3;Dual Surface;18;249
3;Rotated Surface;18;105
3;Concatenated;18;2105
3;Measurement State Prep;18;2647
3;Tanner Network;18;2481
3;Dual Surface;19;265
3;Rotated Surface;19;95
3;Concatenated;19;1753
3;Measurement State Prep;19;2869
3;Tanner Network;19;2369
3;Dual Surface;20;265
3;Rotated Surface;20;91
3;Concatenated;20;2145
3;Measurement State Prep;20;2503
3;Tanner Network;20;2361
3;Dual Surface;21;281
3;Rotated Surface;21;91
3;Concatenated;21;1977
3;Measurement State Prep;21;2839
3;Tanner Network;21;2345
3;Dual Surface;22;265
3;Rotated Surface;22;89
3;Concatenated;22;2161
3;Measurement State Prep;22;2885
3;Tanner Network;22;2369
3;Dual Surface;23;257
3;Rotated Surface;23;95
3;Concatenated;23;2113
3;Measurement State Prep;23;3063
3;Tanner Network;23;2489
3;Dual Surface;24;265
3;Rotated Surface;24;89
3;Concatenated;24;2185
3;Measurement State Prep;24;2775
3;Tanner Network;24;2497
3;Dual Surface;25;273
3;Rotated Surface;25;91
3;Concatenated;25;1889
3;Measurement State Prep;25;2911
3;Tanner Network;25;2369
3;Dual Surface;26;249
3;Rotated Surface;26;87
3;Concatenated;26;1849
3;Measurement State Prep;26;2631
3;Tanner Network;26;2345
3;Dual Surface;27;293
3;Rotated Surface;27;89
3;Concatenated;27;2129
3;Measurement State Prep;27;2381
3;Tanner Network;27;2369
3;Dual Surface;28;249
3;Rotated Surface;28;91
3;Concatenated;28;2137
3;Measurement State Prep;28;2485
3;Tanner Network;28;2365
3;Dual Surface;29;273
3;Rotated Surface;29;89
3;Concatenated;29;2145
3;Measurement State Prep;29;2873
3;Tanner Network;29;2353
3;Dual Surface;30;281
3;Rotated Surface;30;103
3;Concatenated;30;2001
3;Measurement State Prep;30;3435
3;Tanner Network;30;2585
3;Dual Surface;31;277
3;Rotated Surface;31;87
3;Concatenated;31;2585
3;Measurement State Prep;31;2921
3;Tanner Network;31;2309
3;Dual Surface;32;273
3;Rotated Surface;32;87
3;Concatenated;32;2169
3;Measurement State Prep;32;2931
3;Tanner Network;32;2345
3;Dual Surface;33;249
3;Rotated Surface;33;89
3;Concatenated;33;2033
3;Measurement State Prep;33;2805
3;Tanner Network;33;2369
3;Dual Surface;34;273
3;Rotated Surface;34;91
3;Concatenated;34;1937
3;Measurement State Prep;34;2743
3;Tanner Network;34;2361
3;Dual Surface;35;273
3;Rotated Surface;35;89
3;Concatenated;35;1769
3;Measurement State Prep;35;2781
3;Tanner Network;35;2369
3;Dual Surface;36;289
3;Rotated Surface;36;89
3;Concatenated;36;1985
3;Measurement State Prep;36;3085
3;Tanner Network;36;2065
3;Dual Surface;37;273
3;Rotated Surface;37;95
3;Concatenated;37;2065
3;Measurement State Prep;37;2833
3;Tanner Network;37;2065
3;Dual Surface;38;273
3;Rotated Surface;38;91
3;Concatenated;38;2073
3;Measurement State Prep;38;3093
3;Tanner Network;38;2601
3;Dual Surface;39;265
3;Rotated Surface;39;87
3;Concatenated;39;2049
3;Measurement State Prep;39;3123
3;Tanner Network;39;2477
3;Dual Surface;40;273
3;Rotated Surface;40;87
3;Concatenated;40;2049
3;Measurement State Prep;40;2875
3;Tanner Network;40;2357
3;Dual Surface;41;285
3;Rotated Surface;41;89
3;Concatenated;41;2329
3;Measurement State Prep;41;2777
3;Tanner Network;41;2369
3;Dual Surface;42;265
3;Rotated Surface;42;89
3;Concatenated;42;1993
3;Measurement State Prep;42;2703
3;Tanner Network;42;2333
3;Dual Surface;43;277
3;Rotated Surface;43;87
3;Concatenated;43;2137
3;Measurement State Prep;43;2829
3;Tanner Network;43;2137
3;Dual Surface;44;273
3;Rotated Surface;44;87
3;Concatenated;44;2313
3;Measurement State Prep;44;2881
3;Tanner Network;44;2369
3;Dual Surface;45;249
3;Rotated Surface;45;93
3;Concatenated;45;1785
3;Measurement State Prep;45;2845
3;Tanner Network;45;2141
3;Dual Surface;46;289
3;Rotated Surface;46;91
3;Concatenated;46;2169
3;Measurement State Prep;46;3465
3;Tanner Network;46;2345
3;Dual Surface;47;269
3;Rotated Surface;47;89
3;Concatenated;47;1761
3;Measurement State Prep;47;3057
3;Tanner Network;47;2353
3;Dual Surface;48;269
3;Rotated Surface;48;91
3;Concatenated;48;1929
3;Measurement State Prep;48;2607
3;Tanner Network;48;2481
3;Dual Surface;49;273
3;Rotated Surface;49;89
3;Concatenated;49;2169
3;Measurement State Prep;49;2517
3;Tanner Network;49;2321
3;Dual Surface;50;289
3;Rotated Surface;50;107
3;Concatenated;50;2065
3;Measurement State Prep;50;2779
3;Tanner Network;50;2065
3;Dual Surface;51;277
3;Rotated Surface;51;91
3;Concatenated;51;2185
3;Measurement State Prep;51;2143
3;Tanner Network;51;2009
3;Dual Surface;52;297
3;Rotated Surface;52;107
3;Concatenated;52;2073
3;Measurement State Prep;52;2341
3;Tanner Network;52;2393
3;Dual Surface;53;249
3;Rotated Surface;53;87
3;Concatenated;53;1833
3;Measurement State Prep;53;2927
3;Tanner Network;53;2449
3;Dual Surface;54;297
3;Rotated Surface;54;105
3;Concatenated;54;2177
3;Measurement State Prep;54;2621
3;Tanner Network;54;2265
3;Dual Surface;55;249
3;Rotated Surface;55;99
3;Concatenated;55;1825
3;Measurement State Prep;55;3075
3;Tanner Network;55;2033
3;Dual Surface;56;281
3;Rotated Surface;56;95
3;Concatenated;56;2081
3;Measurement State Prep;56;2777
3;Tanner Network;56;2521
3;Dual Surface;57;281
3;Rotated Surface;57;87
3;Concatenated;57;2329
3;Measurement State Prep;57;3025
3;Tanner Network;57;2065
3;Dual Surface;58;289
3;Rotated Surface;58;87
3;Concatenated;58;2145
3;Measurement State Prep;58;2863
3;Tanner Network;58;2489
3;Dual Surface;59;265
3;Rotated Surface;59;87
3;Concatenated;59;2153
3;Measurement State Prep;59;3461
3;Tanner Network;59;2369
3;Dual Surface;60;265
3;Rotated Surface;60;89
3;Concatenated;60;2265
3;Measurement State Prep;60;2401
3;Tanner Network;60;2025
3;Dual Surface;61;285
3;Rotated Surface;61;89
3;Concatenated;61;1865
3;Measurement State Prep;61;2775
3;Tanner Network;61;2441
3;Dual Surface;62;265
3;Rotated Surface;62;95
3;Concatenated;62;1993
3;Measurement State Prep;62;3707
3;Tanner Network;62;2349
3;Dual Surface;63;273
3;Rotated Surface;63;91
3;Concatenated;63;2105
3;Measurement State Prep;63;2773
3;Tanner Network;63;2253
3;Dual Surface;64;281
3;Rotated Surface;64;91
3;Concatenated;64;1833
3;Measurement State Prep;64;3089
3;Tanner Network;64;2341
3;Dual Surface;65;285
3;Rotated Surface;65;95
3;Concatenated;65;2113
3;Measurement State Prep;65;2971
3;Tanner Network;65;2369
3;Dual Surface;66;249
3;Rotated Surface;66;95
3;Concatenated;66;1801
3;Measurement State Prep;66;2897
3;Tanner Network;66;2369
3;Dual Surface;67;273
3;Rotated Surface;67;89
3;Concatenated;67;2081
3;Measurement State Prep;67;2775
3;Tanner Network;67;2241
3;Dual Surface;68;249
3;Rotated Surface;68;89
3;Concatenated;68;2129
3;Measurement State Prep;68;2767
3;Tanner Network;68;2477
3;Dual Surface;69;249
3;Rotated Surface;69;95
3;Concatenated;69;2177
3;Measurement State Prep;69;2867
3;Tanner Network;69;2361
3;Dual Surface;70;249
3;Rotated Surface;70;99
3;Concatenated;70;2193
3;Measurement State Prep;70;3061
3;Tanner Network;70;2321
3;Dual Surface;71;273
3;Rotated Surface;71;91
3;Concatenated;71;2001
3;Measurement State Prep;71;3061
3;Tanner Network;71;2473
3;Dual Surface;72;249
3;Rotated Surface;72;87
3;Concatenated;72;2265
3;Measurement State Prep;72;2997
3;Tanner Network;72;2369
3;Dual Surface;73;293
3;Rotated Surface;73;87
3;Concatenated;73;1921
3;Measurement State Prep;73;3691
3;Tanner Network;73;2357
3;Dual Surface;74;289
3;Rotated Surface;74;115
3;Concatenated;74;2289
3;Measurement State Prep;74;2825
3;Tanner Network;74;2369
3;Dual Surface;75;273
3;Rotated Surface;75;87
3;Concatenated;75;2129
3;Measurement State Prep;75;2873
3;Tanner Network;75;2065
3;Dual Surface;76;281
3;Rotated Surface;76;89
3;Concatenated;76;2137
3;Measurement State Prep;76;2631
3;Tanner Network;76;2369
3;Dual Surface;77;265
3;Rotated Surface;77;93
3;Concatenated;77;2009
3;Measurement State Prep;77;3007
3;Tanner Network;77;2473
3;Dual Surface;78;281
3;Rotated Surface;78;89
3;Concatenated;78;1969
3;Measurement State Prep;78;2889
3;Tanner Network;78;2369
3;Dual Surface;79;273
3;Rotated Surface;79;111
3;Concatenated;79;1913
3;Measurement State Prep;79;2595
3;Tanner Network;79;2273
3;Dual Surface;80;289
3;Rotated Surface;80;87
3;Concatenated;80;2129
3;Measurement State Prep;80;2977
3;Tanner Network;80;2369
3;Dual Surface;81;277
3;Rotated Surface;81;89
3;Concatenated;81;1897
3;Measurement State Prep;81;2527
3;Tanner Network;81;2369
3;Dual Surface;82;281
3;Rotated Surface;82;89
3;Concatenated;82;1937
3;Measurement State Prep;82;2879
3;Tanner Network;82;2369
3;Dual Surface;83;277
3;Rotated Surface;83;95
3;Concatenated;83;2201
3;Measurement State Prep;83;3001
3;Tanner Network;83;2369
3;Dual Surface;84;281
3;Rotated Surface;84;91
3;Concatenated;84;1961
3;Measurement State Prep;84;2909
3;Tanner Network;84;2353
3;Dual Surface;85;277
3;Rotated Surface;85;89
3;Concatenated;85;2153
3;Measurement State Prep;85;3051
3;Tanner Network;85;2369
3;Dual Surface;86;281
3;Rotated Surface;86;87
3;Concatenated;86;1817
3;Measurement State Prep;86;2917
3;Tanner Network;86;2065
3;Dual Surface;87;281
3;Rotated Surface;87;89
3;Concatenated;87;2105
3;Measurement State Prep;87;2743
3;Tanner Network;87;2369
3;Dual Surface;88;273
3;Rotated Surface;88;99
3;Concatenated;88;1937
3;Measurement State Prep;88;2797
3;Tanner Network;88;2345
3;Dual Surface;89;265
3;Rotated Surface;89;91
3;Concatenated;89;1889
3;Measurement State Prep;89;2429
3;Tanner Network;89;2069
3;Dual Surface;90;281
3;Rotated Surface;90;91
3;Concatenated;90;1793
3;Measurement State Prep;90;2439
3;Tanner Network;90;2257
3;Dual Surface;91;281
3;Rotated Surface;91;101
3;Concatenated;91;2049
3;Measurement State Prep;91;2837
3;Tanner Network;91;2369
3;Dual Surface;92;249
3;Rotated Surface;92;89
3;Concatenated;92;2081
3;Measurement State Prep;92;3001
3;Tanner Network;92;1821
3;Dual Surface;93;265
3;Rotated Surface;93;95
3;Concatenated;93;1569
3;Measurement State Prep;93;2515
3;Tanner Network;93;2497
3;Dual Surface;94;281
3;Rotated Surface;94;87
3;Concatenated;94;1761
3;Measurement State Prep;94;2699
3;Tanner Network;94;2357
3;Dual Surface;95;293
3;Rotated Surface;95;87
3;Concatenated;95;2097
3;Measurement State Prep;95;2535
3;Tanner Network;95;2265
3;Dual Surface;96;249
3;Rotated Surface;96;89
3;Concatenated;96;2097
3;Measurement State Prep;96;2929
3;Tanner Network;96;2433
3;Dual Surface;97;277
3;Rotated Surface;97;87
3;Concatenated;97;1993
3;Measurement State Prep;97;2993
3;Tanner Network;97;2325
3;Dual Surface;98;273
3;Rotated Surface;98;119
3;Concatenated;98;2153
3;Measurement State Prep;98;2413
3;Tanner Network;98;2369
3;Dual Surface;99;265
3;Rotated Surface;99;103
3;Concatenated;99;2169
3;Measurement State Prep;99;2887
3;Tanner Network;99;2153
4;Dual Surface;0;2161
4;Rotated Surface;0;513
4;Concatenated;0;84665
4;Measurement State Prep;0;2774349
4;Tanner Network;0;1338385
4;Dual Surface;1;2289
4;Rotated Surface;1;475
4;Concatenated;1;55969
4;Measurement State Prep;1;2619067
4;Tanner Network;1;738225
4;Dual Surface;2;1785
4;Rotated Surface;2;501
4;Concatenated;2;78881
4;Measurement State Prep;2;2382295
4;Tanner Network;2;690861
4;Dual Surface;3;1953
4;Rotated Surface;3;661
4;Concatenated;3;70353
4;Measurement State Prep;3;3025065
4;Tanner Network;3;813377
4;Dual Surface;4;2433
4;Rotated Surface;4;637
4;Concatenated;4;78177
4;Measurement State Prep;4;1601053
4;Tanner Network;4;753417
4;Dual Surface;5;2241
4;Rotated Surface;5;593
4;Concatenated;5;69201
4;Measurement State Prep;5;1781817
4;Tanner Network;5;1219469
4;Dual Surface;6;1889
4;Rotated Surface;6;491
4;Concatenated;6;76137
4;Measurement State Prep;6;1542865
4;Tanner Network;6;733617
4;Dual Surface;7;2129
4;Rotated Surface;7;521
4;Concatenated;7;78753
4;Measurement State Prep;7;1519589
4;Tanner Network;7;726509
4;Dual Surface;8;2033
4;Rotated Surface;8;499
4;Concatenated;8;88137
4;Measurement State Prep;8;2196661
4;Tanner Network;8;687785
4;Dual Surface;9;1873
4;Rotated Surface;9;531
4;Concatenated;9;85929
4;Measurement State Prep;9;821771
4;Tanner Network;9;816337
4;Dual Surface;10;2509
4;Rotated Surface;10;499
4;Concatenated;10;65569
4;Measurement State Prep;10;2290119
4;Tanner Network;10;761329
4;Dual Surface;11;2613
4;Rotated Surface;11;501
4;Concatenated;11;102513
4;Measurement State Prep;11;1797541
4;Tanner Network;11;781265
4;Dual Surface;12;2469
4;Rotated Surface;12;589
4;Concatenated;12;59809
4;Measurement State Prep;12;1503341
4;Tanner Network;12;755473
4;Dual Surface;13;2041
4;Rotated Surface;13;617
4;Concatenated;13;84833
4;Measurement State Prep;13;1473739
4;Tanner Network;13;815661
4;Dual Surface;14;2253
4;Rotated Surface;14;547
4;Concatenated;14;73073
4;Measurement State Prep;14;1866431
4;Tanner Network;14;726545
4;Dual Surface;15;1841
4;Rotated Surface;15;543
4;Concatenated;15;48305
4;Measurement State Prep;15;1595841
4;Tanner Network;15;735505
4;Dual Surface;16;1809
4;Rotated Surface;16;523
4;Concatenated;16;67297
4;Measurement State Prep;16;1507613
4;Tanner Network;16;875753
4;Dual Surface;17;2353
4;Rotated Surface;17;487
4;Concatenated;17;119393
4;Measurement State Prep;17;1187317
4;Tanner Network;17;749549
4;Dual Surface;18;1529
4;Rotated Surface;18;565
4;Concatenated;18;59873
4;Measurement State Prep;18;1418055
4;Tanner Network;18;689617
4;Dual Surface;19;2345
4;Rotated Surface;19;661
4;Concatenated;19;67809
4;Measurement State Prep;19;1582689
4;Tanner Network;19;753085
4;Dual Surface;20;1961
4;Rotated Surface;20;571
4;Concatenated;20;71273
4;Measurement State Prep;20;2021945
4;Tanner Network;20;748973
4;Dual Surface;21;1825
4;Rotated Surface;21;559
4;Concatenated;21;116705
4;Measurement State Prep;21;2554785
4;Tanner Network;21;753069
4;Dual Surface;22;2137
4;Rotated Surface;22;535
4;Concatenated;22;50481
4;Measurement State Prep;22;2428391
4;Tanner Network;22;742321
4;Dual Surface;23;1921
4;Rotated Surface;23;571
4;Concatenated;23;52449
4;Measurement State Prep;23;2545015
4;Tanner Network;23;689073
4;Dual Surface;24;2349
4;Rotated Surface;24;535
4;Concatenated;24;84721
4;Measurement State Prep;24;1310213
4;Tanner Network;24;731665
4;Dual Surface;25;1673
4;Rotated Surface;25;565
4;Concatenated;25;69089
4;Measurement State Prep;25;1723273
4;Tanner Network;25;727985
4;Dual Surface;26;1801
4;Rotated Surface;26;533
4;Concatenated;26;62049
4;Measurement State Prep;26;1455735
4;Tanner Network;26;753433
4;Dual Surface;27;1753
4;Rotated Surface;27;543
4;Concatenated;27;73441
4;Measurement State Prep;27;1780301
4;Tanner Network;27;731345
4;Dual Surface;28;2057
4;Rotated Surface;28;523
4;Concatenated;28;70121
4;Measurement State Prep;28;2112349
4;Tanner Network;28;737197
4;Dual Surface;29;2045
4;Rotated Surface;29;511
4;Concatenated;29;69281
4;Measurement State Prep;29;2216773
4;Tanner Network;29;812097
4;Dual Surface;30;1633
4;Rotated Surface;30;535
4;Concatenated;30;77305
4;Measurement State Prep;30;2226991
4;Tanner Network;30;738425
4;Dual Surface;31;2289
4;Rotated Surface;31;551
4;Concatenated;31;89377
4;Measurement State Prep;31;1599595
4;Tanner Network;31;678833
4;Dual Surface;32;2501
4;Rotated Surface;32;555
4;Concatenated;32;93569
4;Measurement State Prep;32;3496883
4;Tanner Network;32;727021
4;Dual Surface;33;1673
4;Rotated Surface;33;537
4;Concatenated;33;110561
4;Measurement State Prep;33;1845657
4;Tanner Network;33;737517
4;Dual Surface;34;2153
4;Rotated Surface;34;551
4;Concatenated;34;56609
4;Measurement State Prep;34;1299813
4;Tanner Network;34;736005
4;Dual Surface;35;1681
4;Rotated Surface;35;497
4;Concatenated;35;69105
4;Measurement State Prep;35;2704853
4;Tanner Network;35;702669
4;Dual Surface;36;1393
4;Rotated Surface;36;559
4;Concatenated;36;80817
4;Measurement State Prep;36;1185925
4;Tanner Network;36;1219501
4;Dual Surface;37;2365
4;Rotated Surface;37;609
4;Concatenated;37;53857
4;Measurement State Prep;37;1576451
4;Tanner Network;37;753713
4;Dual Surface;38;1321
4;Rotated Surface;38;483
4;Concatenated;38;79137
4;Measurement State Prep;38;760629
4;Tanner Network;38;855021
4;Dual Surface;39;1705
4;Rotated Surface;39;551
4;Concatenated;39;51137
4;Measurement State Prep;39;1752485
4;Tanner Network;39;788973
4;Dual Surface;40;2825
4;Rotated Surface;40;457
4;Concatenated;40;79585
4;Measurement State Prep;40;2032203
4;Tanner Network;40;672721
4;Dual Surface;41;2033
4;Rotated Surface;41;531
4;Concatenated;41;68961
4;Measurement State Prep;41;1433229
4;Tanner Network;41;734673
4;Dual Surface;42;1793
4;Rotated Surface;42;455
4;Concatenated;42;79201
4;Measurement State Prep;42;1774443
4;Tanner Network;42;684957
4;Dual Surface;43;1921
4;Rotated Surface;43;555
4;Concatenated;43;97185
4;Measurement State Prep;43;1777821
4;Tanner Network;43;849325
4;Dual Surface;44;2485
4;Rotated Surface;44;629
4;Concatenated;44;86497
4;Measurement State Prep;44;1818629
4;Tanner Network;44;801857
4;Dual Surface;45;2385
4;Rotated Surface;45;571
4;Concatenated;45;69857
4;Measurement State Prep;45;1315509
4;Tanner Network;45;741393
4;Dual Surface;46;1897
4;Rotated Surface;46;479
4;Concatenated;46;52129
4;Measurement State Prep;46;1480785
4;Tanner Network;46;839921
4;Dual Surface;47;1961
4;Rotated Surface;47;521
4;Concatenated;47;66505
4;Measurement State Prep;47;1775545
4;Tanner Network;47;700657
4;Dual Surface;48;1897
4;Rotated Surface;48;547
4;Concatenated;48;81121
4;Measurement State Prep;48;1140437
4;Tanner Network;48;731841
4;Dual Surface;49;1601
4;Rotated Surface;49;629
4;Concatenated;49;40497
4;Measurement State Prep;49;1029567
4;Tanner Network;49;900221
4;Dual Surface;50;2265
4;Rotated Surface;50;489
4;Concatenated;50;87969
4;Measurement State Prep;50;1264729
4;Tanner Network;50;739569
4;Dual Surface;51;1801
4;Rotated Surface;51;523
4;Concatenated;51;85625
4;Measurement State Prep;51;1493547
4;Tanner Network;51;749233
4;Dual Surface;52;2185
4;Rotated Surface;52;497
4;Concatenated;52;82785
4;Measurement State Prep;52;1593965
4;Tanner Network;52;770285
4;Dual Surface;53;1713
4;Rotated Surface;53;577
4;Concatenated;53;74145
4;Measurement State Prep;53;1627703
4;Tanner Network;53;741581
4;Dual Surface;54;2009
4;Rotated Surface;54;515
4;Concatenated;54;97177
4;Measurement State Prep;54;1778695
4;Tanner Network;54;741581
4;Dual Surface;55;2301
4;Rotated Surface;55;547
4;Concatenated;55;79329
4;Measurement State Prep;55;1850231
4;Tanner Network;55;727949
4;Dual Surface;56;1761
4;Rotated Surface;56;541
4;Concatenated;56;70497
4;Measurement State Prep;56;1792905
4;Tanner Network;56;771057
4;Dual Surface;57;1969
4;Rotated Surface;57;523
4;Concatenated;57;71385
4;Measurement State Prep;57;1426945
4;Tanner Network;57;726509
4;Dual Surface;58;1777
4;Rotated Surface;58;507
4;Concatenated;58;77745
4;Measurement State Prep;58;1069557
4;Tanner Network;58;677293
4;Dual Surface;59;1817
4;Rotated Surface;59;565
4;Concatenated;59;49185
4;Measurement State Prep;59;1178949
4;Tanner Network;59;849805
4;Dual Surface;60;2109
4;Rotated Surface;60;577
4;Concatenated;60;47713
4;Measurement State Prep;60;1529823
4;Tanner Network;60;690129
4;Dual Surface;61;2249
4;Rotated Surface;61;805
4;Concatenated;61;64505
4;Measurement State Prep;61;1491457
4;Tanner Network;61;708561
4;Dual Surface;62;1825
4;Rotated Surface;62;567
4;Concatenated;62;76673
4;Measurement State Prep;62;1493303
4;Tanner Network;62;721837
4;Dual Surface;63;2173
4;Rotated Surface;63;543
4;Concatenated;63;65497
4;Measurement State Prep;63;840755
4;Tanner Network;63;681649
4;Dual Surface;64;2041
4;Rotated Surface;64;551
4;Concatenated;64;85153
4;Measurement State Prep;64;1557681
4;Tanner Network;64;719025
4;Dual Surface;65;1705
4;Rotated Surface;65;529
4;Concatenated;65;57057
4;Measurement State Prep;65;1761671
4;Tanner Network;65;726509
4;Dual Surface;66;1849
4;Rotated Surface;66;475
4;Concatenated;66;83297
4;Measurement State Prep;66;2382457
4;Tanner Network;66;757877
4;Dual Surface;67;2397
4;Rotated Surface;67;543
4;Concatenated;67;73921
4;Measurement State Prep;67;1469291
4;Tanner Network;67;867777
4;Dual Surface;68;1793
4;Rotated Surface;68;521
4;Concatenated;68;100713
4;Measurement State Prep;68;1778953
4;Tanner Network;68;727409
4;Dual Surface;69;2157
4;Rotated Surface;69;541
4;Concatenated;69;89761
4;Measurement State Prep;69;2450949
4;Tanner Network;69;740237
4;Dual Surface;70;1665
4;Rotated Surface;70;495
4;Concatenated;70;53729
4;Measurement State Prep;70;1960335
4;Tanner Network;70;701325
4;Dual Surface;71;2373
4;Rotated Surface;71;555
4;Concatenated;71;83233
4;Measurement State Prep;71;1582829
4;Tanner Network;71;692465
4;Dual Surface;72;1569
4;Rotated Surface;72;535
4;Concatenated;72;87857
4;Measurement State Prep;72;1297661
4;Tanner Network;72;981457
4;Dual Surface;73;1521
4;Rotated Surface;73;511
4;Concatenated;73;52513
4;Measurement State Prep;73;1667429
4;Tanner Network;73;629133
4;Dual Surface;74;2057
4;Rotated Surface;74;513
4;Concatenated;74;75953
4;Measurement State Prep;74;1295401
4;Tanner Network;74;709517
4;Dual Surface;75;2157
4;Rotated Surface;75;497
4;Concatenated;75;97121
4;Measurement State Prep;75;1632627
4;Tanner Network;75;726813
4;Dual Surface;76;2033
4;Rotated Surface;76;497
4;Concatenated;76;64185
4;Measurement State Prep;76;1816243
4;Tanner Network;76;749037
4;Dual Surface;77;1521
4;Rotated Surface;77;591
4;Concatenated;77;80489
4;Measurement State Prep;77;3233449
4;Tanner Network;77;726481
4;Dual Surface;78;1793
4;Rotated Surface;78;531
4;Concatenated;78;73001
4;Measurement State Prep;78;1696791
4;Tanner Network;78;700393
4;Dual Surface;79;2253
4;Rotated Surface;79;595
4;Concatenated;79;111137
4;Measurement State Prep;79;2020575
4;Tanner Network;79;701901
4;Dual Surface;80;1593
4;Rotated Surface;80;565
4;Concatenated;80;55393
4;Measurement State Prep;80;1785719
4;Tanner Network;80;716529
4;Dual Surface;81;1769
4;Rotated Surface;81;549
4;Concatenated;81;71073
4;Measurement State Prep;81;2566711
4;Tanner Network;81;698029
4;Dual Surface;82;2453
4;Rotated Surface;82;555
4;Concatenated;82;73193
4;Measurement State Prep;82;1642181
4;Tanner Network;82;740273
4;Dual Surface;83;2129
4;Rotated Surface;83;479
4;Concatenated;83;83945
4;Measurement State Prep;83;1184215
4;Tanner Network;83;677841
4;Dual Surface;84;2397
4;Rotated Surface;84;529
4;Concatenated;84;75561
4;Measurement State Prep;84;1879511
4;Tanner Network;84;740045
4;Dual Surface;85;2573
4;Rotated Surface;85;613
4;Concatenated;85;54689
4;Measurement State Prep;85;1988613
4;Tanner Network;85;857581
4;Dual Surface;86;2145
4;Rotated Surface;86;509
4;Concatenated;86;80753
4;Measurement State Prep;86;1502315
4;Tanner Network;86;710257
4;Dual Surface;87;2249
4;Rotated Surface;87;547
4;Concatenated;87;71585
4;Measurement State Prep;87;1797007
4;Tanner Network;87;738225
4;Dual Surface;88;1785
4;Rotated Surface;88;531
4;Concatenated;88;69569
4;Measurement State Prep;88;2505509
4;Tanner Network;88;840233
4;Dual Surface;89;2409
4;Rotated Surface;89;583
4;Concatenated;89;55137
4;Measurement State Prep;89;2278353
4;Tanner Network;89;719693
4;Dual Surface;90;2453
4;Rotated Surface;90;523
4;Concatenated;90;68593
4;Measurement State Prep;90;1507585
4;Tanner Network;90;779369
4;Dual Surface;91;1801
4;Rotated Surface;91;467
4;Concatenated;91;85473
4;Measurement State Prep;91;1179303
4;Tanner Network;91;738833
4;Dual Surface;92;1801
4;Rotated Surface;92;519
4;Concatenated;92;87905
4;Measurement State Prep;92;1752885
4;Tanner Network;92;709937
4;Dual Surface;93;2305
4;Rotated Surface;93;543
4;Concatenated;93;77665
4;Measurement State Prep;93;1784345
4;Tanner Network;93;688145
4;Dual Surface;94;2241
4;Rotated Surface;94;527
4;Concatenated;94;54009
4;Measurement State Prep;94;1487921
4;Tanner Network;94;695761
4;Dual Surface;95;2001
4;Rotated Surface;95;591
4;Concatenated;95;48625
4;Measurement State Prep;95;2243499
4;Tanner Network;95;767921
4;Dual Surface;96;1949
4;Rotated Surface;96;555
4;Concatenated;96;93097
4;Measurement State Prep;96;1453101
4;Tanner Network;96;749073
4;Dual Surface;97;1865
4;Rotated Surface;97;577
4;Concatenated;97;65585
4;Measurement State Prep;97;2571515
4;Tanner Network;97;833577
4;Dual Surface;98;2049
4;Rotated Surface;98;531
4;Concatenated;98;77993
4;Measurement State Prep;98;2543737
4;Tanner Network;98;852397
4;Dual Surface;99;1913
4;Rotated Surface;99;455
4;Concatenated;99;87777
4;Measurement State Prep;99;1778397
4;Tanner Network;99;693233
5;Dual Surface;0;16405
5;Rotated Surface;0;2393
5;Concatenated;0;906977
5;Measurement State Prep;0;51918937397
5;Tanner Network;0;463756113
5;Dual Surface;1;15433
5;Rotated Surface;1;1921
5;Concatenated;1;903265
5;Measurement State Prep;1;56178851999
5;Tanner Network;1;456077521
5;Dual Surface;2;13557
5;Rotated Surface;2;2551
5;Concatenated;2;1486561
5;Measurement State Prep;2;1865576350
5;Tanner Network;2;456290513
5;Dual Surface;3;16597
5;Rotated Surface;3;1719
5;Concatenated;3;995745
5;Measurement State Prep;3;56016608985
5;Tanner Network;3;424918441
5;Dual Surface;4;12717
5;Rotated Surface;4;1475
5;Concatenated;4;804001
5;Measurement State Prep;4;55785593827
5;Tanner Network;4;454659281
5;Dual Surface;5;12909
5;Rotated Surface;5;2169
5;Concatenated;5;732705
5;Measurement State Prep;5;17551697743
5;Tanner Network;5;442950957
5;Dual Surface;6;10929
5;Rotated Surface;6;1789
5;Concatenated;6;3083433
5;Measurement State Prep;6;18878100043
5;Tanner Network;6;400998585
5;Dual Surface;7;12653
5;Rotated Surface;7;2103
5;Concatenated;7;747297
5;Measurement State Prep;7;5495502876
5;Tanner Network;7;361570505
5;Dual Surface;8;15469
5;Rotated Surface;8;1639
5;Concatenated;8;711713
5;Measurement State Prep;8;5228764353
5;Tanner Network;8;279595841
5;Dual Surface;9;15061
5;Rotated Surface;9;2303
5;Concatenated;9;470625
5;Measurement State Prep;9;72378367361
5;Tanner Network;9;361013457
5;Dual Surface;10;16053
5;Rotated Surface;10;1931
5;Concatenated;10;1041761
5;Measurement State Prep;10;24823845402
5;Tanner Network;10;339486153
5;Dual Surface;11;14405
5;Rotated Surface;11;1703
5;Concatenated;11;2079985
5;Measurement State Prep;11;3457789377
5;Tanner Network;11;975882937
5;Dual Surface;12;12669
5;Rotated Surface;12;2301
5;Concatenated;12;1010913
5;Measurement State Prep;12;99857615295
5;Tanner Network;12;433057969
5;Dual Surface;13;11421
5;Rotated Surface;13;2349
5;Concatenated;13;1729897
5;Measurement State Prep;13;4353894027
5;Tanner Network;13;504078277
5;Dual Surface;14;14617
5;Rotated Surface;14;2333
5;Concatenated;14;1330209
5;Measurement State Prep;14;69219073973
5;Tanner Network;14;433312589
5;Dual Surface;15;14485
5;Rotated Surface;15;1501
5;Concatenated;15;682409
5;Measurement State Prep;15;54486711681
5;Tanner Network;15;325308625
5;Dual Surface;16;12629
5;Rotated Surface;16;2049
5;Concatenated;16;1273633
5;Measurement State Prep;16;26109502193
5;Tanner Network;16;483994433
5;Dual Surface;17;12453
5;Rotated Surface;17;2037
5;Concatenated;17;939617
5;Measurement State Prep;17;28799735361
5;Tanner Network;17;452404945
5;Dual Surface;18;12041
5;Rotated Surface;18;1859
5;Concatenated;18;885089
5;Measurement State Prep;18;183260713987
5;Tanner Network;18;395456721
5;Dual Surface;19;15005
5;Rotated Surface;19;1499
5;Concatenated;19;947425
5;Measurement State Prep;19;6849173903
5;Tanner Network;19;420769737
5;Dual Surface;20;14521
5;Rotated Surface;20;1895
5;Concatenated;20;1655201
5;Measurement State Prep;20;40656596029
5;Tanner Network;20;422812473
5;Dual Surface;21;15173
5;Rotated Surface;21;1689
5;Concatenated;21;619105
5;Measurement State Prep;21;29069016981
5;Tanner Network;21;415451969
5;Dual Surface;22;11829
5;Rotated Surface;22;1747
5;Concatenated;22;1021977
5;Measurement State Prep;22;28979290707
5;Tanner Network;22;421136593
5;Dual Surface;23;13549
5;Rotated Surface;23;1901
5;Concatenated;23;1095401
5;Measurement State Prep;23;91640319075
5;Tanner Network;23;881036481
5;Dual Surface;24;12261
5;Rotated Surface;24;1579
5;Concatenated;24;765793
5;Measurement State Prep;24;2531125417
5;Tanner Network;24;425750225
5;Dual Surface;25;13797
5;Rotated Surface;25;1805
5;Concatenated;25;811617
5;Measurement State Prep;25;29849842365
5;Tanner Network;25;434730449
5;Dual Surface;26;12501
5;Rotated Surface;26;2119
5;Concatenated;26;1330913
5;Measurement State Prep;26;82980604299
5;Tanner Network;26;303835961
5;Dual Surface;27;11733
5;Rotated Surface;27;1827
5;Concatenated;27;1436449
5;Measurement State Prep;27;10819555171
5;Tanner Network;27;475490513
5;Dual Surface;28;13605
5;Rotated Surface;28;1521
5;Concatenated;28;1501729
5;Measurement State Prep;28;32084937351
5;Tanner Network;28;376530129
5;Dual Surface;29;13421
5;Rotated Surface;29;1885
5;Concatenated;29;1078049
5;Measurement State Prep;29;16542914769
5;Tanner Network;29;492137065
5;Dual Surface;30;11445
5;Rotated Surface;30;2283
5;Concatenated;30;519393
5;Measurement State Prep;30;20617128167
5;Tanner Network;30;447202257
5;Dual Surface;31;14741
5;Rotated Surface;31;2055
5;Concatenated;31;782817
5;Measurement State Prep;31;121783634339
5;Tanner Network;31;308401105
5;Dual Surface;32;14197
5;Rotated Surface;32;2095
5;Concatenated;32;1019425
5;Measurement State Prep;32;12279594419
5;Tanner Network;32;465420737
5;Dual Surface;33;11525
5;Rotated Surface;33;2253
5;Concatenated;33;996321
5;Measurement State Prep;33;69280313071
5;Tanner Network;33;472147153
5;Dual Surface;34;14053
5;Rotated Surface;34;1831
5;Concatenated;34;1041257
5;Measurement State Prep;34;56699229183
5;Tanner Network;34;437740345
5;Dual Surface;35;14333
5;Rotated Surface;35;1961
5;Concatenated;35;1085409
5;Measurement State Prep;35;34566047639
5;Tanner Network;35;488523377
5;Dual Surface;36;12717
5;Rotated Surface;36;1853
5;Concatenated;36;1120225
5;Measurement State Prep;36;12716682091
5;Tanner Network;36;441500473
5;Dual Surface;37;14309
5;Rotated Surface;37;1261
5;Concatenated;37;1072481
5;Measurement State Prep;37;45213735609
5;Tanner Network;37;446950345
5;Dual Surface;38;11973
5;Rotated Surface;38;1831
5;Concatenated;38;1048353
5;Measurement State Prep;38;22121289382
5;Tanner Network;38;359504593
5;Dual Surface;39;13589
5;Rotated Surface;39;2089
5;Concatenated;39;1331809
5;Measurement State Prep;39;15220245017
5;Tanner Network;39;424112073
5;Dual Surface;40;15189
5;Rotated Surface;40;2125
5;Concatenated;40;983137
5;Measurement State Prep;40;73368508795
5;Tanner Network;40;452515441
5;Dual Surface;41;15145
5;Rotated Surface;41;1527
5;Concatenated;41;1054689
5;Measurement State Prep;41;58733292399
5;Tanner Network;41;438537073
5;Dual Surface;42;12773
5;Rotated Surface;42;2335
5;Concatenated;42;947233
5;Measurement State Prep;42;5416794435
5;Tanner Network;42;479605697
5;Dual Surface;43;14709
5;Rotated Surface;43;1707
5;Concatenated;43;1848353
5;Measurement State Prep;43;32577989759
5;Tanner Network;43;417466569
5;Dual Surface;44;13253
5;Rotated Surface;44;1637
5;Concatenated;44;1002529
5;Measurement State Prep;44;66846562349
5;Tanner Network;44;520747729
5;Dual Surface;45;13381
5;Rotated Surface;45;2027
5;Concatenated;45;1165473
5;Measurement State Prep;45;9436692485
5;Tanner Network;45;329072073
5;Dual Surface;46;13237
5;Rotated Surface;46;1819
5;Concatenated;46;659425
5;Measurement State Prep;46;44801569117
5;Tanner Network;46;494777809
5;Dual Surface;47;13125
5;Rotated Surface;47;2175
5;Concatenated;47;1042721
5;Measurement State Prep;47;46251921903
5;Tanner Network;47;493839169
5;Dual Surface;48;14781
5;Rotated Surface;48;1921
5;Concatenated;48;767457
5;Measurement State Prep;48;44505089701
5;Tanner Network;48;532880569
5;Dual Surface;49;13077
5;Rotated Surface;49;1543
5;Concatenated;49;987873
5;Measurement State Prep;49;28225591559
5;Tanner Network;49;326018225
5;Dual Surface;50;15733
5;Rotated Surface;50;2189
5;Concatenated;50;803041
5;Measurement State Prep;50;54759316653
5;Tanner Network;50;355147209
5;Dual Surface;51;15637
5;Rotated Surface;51;1981
5;Concatenated;51;1027169
5;Measurement State Prep;51;19697768283
5;Tanner Network;51;461441849
5;Dual Surface;52;12885
5;Rotated Surface;52;1425
5;Concatenated;52;1202273
5;Measurement State Prep;52;8667935235
5;Tanner Network;52;478193937
5;Dual Surface;53;13333
5;Rotated Surface;53;2137
5;Concatenated;53;1191457
5;Measurement State Prep;53;181738922045
5;Tanner Network;53;484921553
5;Dual Surface;54;13381
5;Rotated Surface;54;2243
5;Concatenated;54;1020017
5;Measurement State Prep;54;4388488223
5;Tanner Network;54;335782865
5;Dual Surface;55;17061
5;Rotated Surface;55;1885
5;Concatenated;55;623457
5;Measurement State Prep;55;34814886567
5;Tanner Network;55;450429249
5;Dual Surface;56;12021
5;Rotated Surface;56;1621
5;Concatenated;56;1066785
5;Measurement State Prep;56;145186840805
5;Tanner Network;56;381868241
5;Dual Surface;57;14813
5;Rotated Surface;57;1993
5;Concatenated;57;778529
5;Measurement State Prep;57;18550246551
5;Tanner Network;57;481751241
5;Dual Surface;58;13645
5;Rotated Surface;58;2329
5;Concatenated;58;962913
5;Measurement State Prep;58;20225872087
5;Tanner Network;58;514834633
5;Dual Surface;59;14613
5;Rotated Surface;59;2427
5;Concatenated;59;873769
5;Measurement State Prep;59;23035043303
5;Tanner Network;59;590783921
5;Dual Surface;60;12997
5;Rotated Surface;60;1939
5;Concatenated;60;856169
5;Measurement State Prep;60;4606044727
5;Tanner Network;60;412436125
5;Dual Surface;61;11829
5;Rotated Surface;61;1873
5;Concatenated;61;981729
5;Measurement State Prep;61;28714987477
5;Tanner Network;61;347292473
5;Dual Surface;62;14621
5;Rotated Surface;62;2029
5;Concatenated;62;1344225
5;Measurement State Prep;62;16245481427
5;Tanner Network;62;476851009
5;Dual Surface;63;14069
5;Rotated Surface;63;1551
5;Concatenated;63;1243617
5;Measurement State Prep;63;33560327735
5;Tanner Network;63;473212881
5;Dual Surface;64;13809
5;Rotated Surface;64;1509
5;Concatenated;64;670737
5;Measurement State Prep;64;52650136011
5;Tanner Network;64;349212873
5;Dual Surface;65;13477
5;Rotated Surface;65;2135
5;Concatenated;65;1654561
5;Measurement State Prep;65;1265094081
5;Tanner Network;65;451690697
5;Dual Surface;66;15205
5;Rotated Surface;66;2321
5;Concatenated;66;994425
5;Measurement State Prep;66;36385473087
5;Tanner Network;66;418094025
5;Dual Surface;67;12981
5;Rotated Surface;67;1585
5;Concatenated;67;1131809
5;Measurement State Prep;67;31649480751
5;Tanner Network;67;501792961
5;Dual Surface;68;15061
5;Rotated Surface;68;2269
5;Concatenated;68;1157729
5;Measurement State Prep;68;47636746385
5;Tanner Network;68;441785553
5;Dual Surface;69;14021
5;Rotated Surface;69;1981
5;Concatenated;69;891681
5;Measurement State Prep;69;59989978491
5;Tanner Network;69;477053897
5;Dual Surface;70;16805
5;Rotated Surface;70;2083
5;Concatenated;70;1224481
5;Measurement State Prep;70;4622415703
5;Tanner Network;70;476283857
5;Dual Surface;71;14557
5;Rotated Surface;71;1555
5;Concatenated;71;1134561
5;Measurement State Prep;71;16309263879
5;Tanner Network;71;397158609
5;Dual Surface;72;14165
5;Rotated Surface;72;2003
5;Concatenated;72;1274977
5;Measurement State Prep;72;50529065941
5;Tanner Network;72;484104897
5;Dual Surface;73;13125
5;Rotated Surface;73;2173
5;Concatenated;73;711657
5;Measurement State Prep;73;11974775667
5;Tanner Network;73;439546809
5;Dual Surface;74;15773
5;Rotated Surface;74;2653
5;Concatenated;74;1312801
5;Measurement State Prep;74;35230833183
5;Tanner Network;74;426748729
5;Dual Surface;75;14901
5;Rotated Surface;75;2279
5;Concatenated;75;1118305
5;Measurement State Prep;75;44316797037
5;Tanner Network;75;346120401
5;Dual Surface;76;14517
5;Rotated Surface;76;1997
5;Concatenated;76;1332769
5;Measurement State Prep;76;42199850335
5;Tanner Network;76;473809873
5;Dual Surface;77;16453
5;Rotated Surface;77;1765
5;Concatenated;77;712417
5;Measurement State Prep;77;4038739817
5;Tanner Network;77;476645321
5;Dual Surface;78;13237
5;Rotated Surface;78;1687
5;Concatenated;78;1221473
5;Measurement State Prep;78;10960265373
5;Tanner Network;78;505093961
5;Dual Surface;79;16309
5;Rotated Surface;79;1869
5;Concatenated;79;1335601
5;Measurement State Prep;79;23057506589
5;Tanner Network;79;446778605
5;Dual Surface;80;15789
5;Rotated Surface;80;1563
5;Concatenated;80;778273
5;Measurement State Prep;80;32048116155
5;Tanner Network;80;465339373
5;Dual Surface;81;14029
5;Rotated Surface;81;2257
5;Concatenated;81;865185
5;Measurement State Prep;81;79476899310
5;Tanner Network;81;481282881
5;Dual Surface;82;11389
5;Rotated Surface;82;2015
5;Concatenated;82;1487649
5;Measurement State Prep;82;24815029699
5;Tanner Network;82;431940929
5;Dual Surface;83;18909
5;Rotated Surface;83;1783
5;Concatenated;83;882465
5;Measurement State Prep;83;65573255143
5;Tanner Network;83;417236585
5;Dual Surface;84;12053
5;Rotated Surface;84;1993
5;Concatenated;84;1057313
5;Measurement State Prep;84;15211292461
5;Tanner Network;84;465749065
5;Dual Surface;85;14781
5;Rotated Surface;85;1735
5;Concatenated;85;750433
5;Measurement State Prep;85;8906955671
5;Tanner Network;85;444000465
5;Dual Surface;86;13381
5;Rotated Surface;86;2289
5;Concatenated;86;788577
5;Measurement State Prep;86;51063185759
5;Tanner Network;86;333768657
5;Dual Surface;87;13341
5;Rotated Surface;87;1861
5;Concatenated;87;1421921
5;Measurement State Prep;87;19070550129
5;Tanner Network;87;366481617
5;Dual Surface;88;14405
5;Rotated Surface;88;1837
5;Concatenated;88;1220129
5;Measurement State Prep;88;2810371599
5;Tanner Network;88;453938369
5;Dual Surface;89;15405
5;Rotated Surface;89;1571
5;Concatenated;89;764193
5;Measurement State Prep;89;70479102473
5;Tanner Network;89;461915457
5;Dual Surface;90;13277
5;Rotated Surface;90;1889
5;Concatenated;90;754977
5;Measurement State Prep;90;20403060069
5;Tanner Network;90;450530161
5;Dual Surface;91;16241
5;Rotated Surface;91;2061
5;Concatenated;91;1265249
5;Measurement State Prep;91;4994474018
5;Tanner Network;91;481515585
5;Dual Surface;92;16789
5;Rotated Surface;92;2235
5;Concatenated;92;614177
5;Measurement State Prep;92;12366675933
5;Tanner Network;92;360358189
5;Dual Surface;93;13333
5;Rotated Surface;93;1887
5;Concatenated;93;1866913
5;Measurement State Prep;93;40739335253
5;Tanner Network;93;521192257
5;Dual Surface;94;15285
5;Rotated Surface;94;2073
5;Concatenated;94;1032673
5;Measurement State Prep;94;35779807823
5;Tanner Network;94;468616001
5;Dual Surface;95;15397
5;Rotated Surface;95;1847
5;Concatenated;95;1314337
5;Measurement State Prep;95;40193835987
5;Tanner Network;95;465438417
5;Dual Surface;96;12085
5;Rotated Surface;96;2401
5;Concatenated;96;1030177
5;Measurement State Prep;96;105383460495
5;Tanner Network;96;447029457
5;Dual Surface;97;12669
5;Rotated Surface;97;2175
5;Concatenated;97;1578721
5;Measurement State Prep;97;45161293030
5;Tanner Network;97;419996481
5;Dual Surface;98;12901
5;Rotated Surface;98;2019
5;Concatenated;98;951393
5;Measurement State Prep;98;40686025457
5;Tanner Network;98;486081489
5;Dual Surface;99;14309
5;Rotated Surface;99;2201
5;Concatenated;99;1381457
5;Measurement State Prep;99;11066237223
5;Tanner Network;99;470443985
7;Dual Surface;0;566373
7;Rotated Surface;0;18957
7;Concatenated;0;385827361
7;Measurement State Prep;0;176102409025307467165780
7;Tanner Network;0;3204197809258255373
7;Dual Surface;1;573509
7;Rotated Surface;1;33227
7;Concatenated;1;2963374321
7;Measurement State Prep;1;22621948005621160977
7;Tanner Network;1;3146821231355888158141
7;Dual Surface;2;639813
7;Rotated Surface;2;22443
7;Concatenated;2;678199137
7;Measurement State Prep;2;31236116859240526441338
7;Tanner Network;2;3189887761993907969
7;Dual Surface;3;613349
7;Rotated Surface;3;22523
7;Concatenated;3;323798689
7;Measurement State Prep;3;15716760453827973821387537
7;Tanner Network;3;196750536856105352173
7;Dual Surface;4;559589
7;Rotated Surface;4;19017
7;Concatenated;4;6332487649
7;Measurement State Prep;4;2045625651986546598009005
7;Tanner Network;4;196453020259752820157
7;Dual Surface;5;597749
7;Rotated Surface;5;13441
7;Concatenated;5;346256609
7;Measurement State Prep;5;93847109117971552260703
7;Tanner Network;5;3195930854629808685
7;Dual Surface;6;601157
7;Rotated Surface;6;21181
7;Concatenated;6;1597083041
7;Measurement State Prep;6;3731008231316165879013
7;Tanner Network;6;45111361042456775101
7;Dual Surface;7;668117
7;Rotated Surface;7;28661
7;Concatenated;7;225110049
7;Measurement State Prep;7;1821837241643641530672427
7;Tanner Network;7;25303973554314628253
7;Dual Surface;8;510389
7;Rotated Surface;8;13381
7;Concatenated;8;208067937
7;Measurement State Prep;8;2030026245341756446860663
7;Tanner Network;8;3146677353180985265597
7;Dual Surface;9;535333
7;Rotated Surface;9;20243
7;Concatenated;9;581651297
7;Measurement State Prep;9;12311959478922158323775
7;Tanner Network;9;12474715233008555067
7;Dual Surface;10;573093
7;Rotated Surface;10;25067
7;Concatenated;10;1814629921
7;Measurement State Prep;10;60819202501400138905989
7;Tanner Network;10;18037736993038066881
7;Dual Surface;11;621121
7;Rotated Surface;11;12563
7;Concatenated;11;8041629281
7;Measurement State Prep;11;466022499801823858587603
7;Tanner Network;11;3146178768151192557
7;Dual Surface;12;582357
7;Rotated Surface;12;18629
7;Concatenated;12;5470038753
7;Measurement State Prep;12;35271328582462947487786
7;Tanner Network;12;65429130502886620521
7;Dual Surface;13;645221
7;Rotated Surface;13;29563
7;Concatenated;13;844318433
7;Measurement State Prep;13;38028725178923360616220
7;Tanner Network;13;196430964590536768957
7;Dual Surface;14;560965
7;Rotated Surface;14;19305
7;Concatenated;14;1830992097
7;Measurement State Prep;14;353160051551318715728601
7;Tanner Network;14;3222994680979750921
7;Dual Surface;15;618773
7;Rotated Surface;15;24417
7;Concatenated;15;242703201
7;Measurement State Prep;15;30521750046059689313
7;Tanner Network;15;3237502005562115851
7;Dual Surface;16;604389
7;Rotated Surface;16;22555
7;Concatenated;16;345377505
7;Measurement State Prep;16;6139214349327991734051
7;Tanner Network;16;196517495221048141757
7;Dual Surface;17;538757
7;Rotated Surface;17;28295
7;Concatenated;17;257355241
7;Measurement State Prep;17;29065832885213514898082
7;Tanner Network;17;3277829275658374555
7;Dual Surface;18;592469
7;Rotated Surface;18;27563
7;Concatenated;18;1470122081
7;Measurement State Prep;18;9676225927523138822
7;Tanner Network;18;3147935779321705872941
7;Dual Surface;19;559141
7;Rotated Surface;19;35973
7;Concatenated;19;866961633
7;Measurement State Prep;19;16900635147590832349267
7;Tanner Network;19;1584318911992839579
7;Dual Surface;20;521621
7;Rotated Surface;20;14245
7;Concatenated;20;182473249
7;Measurement State Prep;20;1713544314922852510294759
7;Tanner Network;20;47986322206263651565
7;Dual Surface;21;612021
7;Rotated Surface;21;17281
7;Concatenated;21;454775585
7;Measurement State Prep;21;707869024415085939659
7;Tanner Network;21;24583339927641544205
7;Dual Surface;22;518789
7;Rotated Surface;22;18411
7;Concatenated;22;334089441
7;Measurement State Prep;22;6449296910820475756694417
7;Tanner Network;22;3228655951880289149
7;Dual Surface;23;609909
7;Rotated Surface;23;16195
7;Concatenated;23;981361697
7;Measurement State Prep;23;2018248039506879605709557
7;Tanner Network;23;24590207076139703665
7;Dual Surface;24;612837
7;Rotated Surface;24;19575
7;Concatenated;24;1034615073
7;Measurement State Prep;24;36189545618054983358804
7;Tanner Network;24;1641161819106000354797
7;Dual Surface;25;620877
7;Rotated Surface;25;19527
7;Concatenated;25;324026465
7;Measurement State Prep;25;153102645551696138186
7;Tanner Network;25;3164501702486275605
7;Dual Surface;26;586445
7;Rotated Surface;26;14285
7;Concatenated;26;802756129
7;Measurement State Prep;26;7982025125503325398829
7;Tanner Network;26;446580377063169149
7;Dual Surface;27;609069
7;Rotated Surface;27;29629
7;Concatenated;27;728353633
7;Measurement State Prep;27;762076253636371702210107
7;Tanner Network;27;3395074918226899365
7;Dual Surface;28;568613
7;Rotated Surface;28;22409
7;Concatenated;28;434983009
7;Measurement State Prep;28;69315145861307646404629
7;Tanner Network;28;12298201079685601717
7;Dual Surface;29;680645
7;Rotated Surface;29;22213
7;Concatenated;29;1016199009
7;Measurement State Prep;29;278035386417291426045
7;Tanner Network;29;3175139757466916695
7;Dual Surface;30;657861
7;Rotated Surface;30;28063
7;Concatenated;30;431035041
7;Measurement State Prep;30;477450854504920355399915
7;Tanner Network;30;1093048189441210797
7;Dual Surface;31;559925
7;Rotated Surface;31;16925
7;Concatenated;31;525592673
7;Measurement State Prep;31;3330566473264340131854551
7;Tanner Network;31;3207675159378608185
7;Dual Surface;32;579125
7;Rotated Surface;32;21741
7;Concatenated;32;622556497
7;Measurement State Prep;32;183909036886103732219
7;Tanner Network;32;3230007451325142605
7;Dual Surface;33;567733
7;Rotated Surface;33;21609
7;Concatenated;33;669310561
7;Measurement State Prep;33;13067873898346780076775
7;Tanner Network;33;3219200522955612273
7;Dual Surface;34;588277
7;Rotated Surface;34;22475
7;Concatenated;34;991195681
7;Measurement State Prep;34;227989039242053724426787
7;Tanner Network;34;786578508449568501849
7;Dual Surface;35;596965
7;Rotated Surface;35;20553
7;Concatenated;35;323842593
7;Measurement State Prep;35;1889024852522456824020
7;Tanner Network;35;3212956334282558769
7;Dual Surface;36;574101
7;Rotated Surface;36;19501
7;Concatenated;36;396465377
7;Measurement State Prep;36;40977564794027009715321
7;Tanner Network;36;24576506482761111211
7;Dual Surface;37;563157
7;Rotated Surface;37;17171
7;Concatenated;37;506064033
7;Measurement State Prep;37;297848944843543082917023
7;Tanner Network;37;3030920932971516929
7;Dual Surface;38;580205
7;Rotated Surface;38;15835
7;Concatenated;38;461659361
7;Measurement State Prep;38;68954724497554300081
7;Tanner Network;38;3263746541338549041
7;Dual Surface;39;563653
7;Rotated Surface;39;17345
7;Concatenated;39;929333281
7;Measurement State Prep;39;194897769815628539831
7;Tanner Network;39;672416485245935037
7;Dual Surface;40;579173
7;Rotated Surface;40;23689
7;Concatenated;40;639249249
7;Measurement State Prep;40;37554375673058439808321
7;Tanner Network;40;196542842393058968761
7;Dual Surface;41;477829
7;Rotated Surface;41;24453
7;Concatenated;41;802826785
7;Measurement State Prep;41;3312348872772409616536123
7;Tanner Network;41;3192848902012887019
7;Dual Surface;42;546933
7;Rotated Surface;42;19209
7;Concatenated;42;249885985
7;Measurement State Prep;42;209935861659999387730441
7;Tanner Network;42;1679982874226615345
7;Dual Surface;43;525209
7;Rotated Surface;43;25893
7;Concatenated;43;3056454433
7;Measurement State Prep;43;789702541196562612117
7;Tanner Network;43;13150086093412974013
7;Dual Surface;44;630581
7;Rotated Surface;44;15853
7;Concatenated;44;7698556961
7;Measurement State Prep;44;111872988283729519625452
7;Tanner Network;44;3210088912422999787
7;Dual Surface;45;626901
7;Rotated Surface;45;20919
7;Concatenated;45;1740791137
7;Measurement State Prep;45;705627764297339297780803
7;Tanner Network;45;12257620946812983785
7;Dual Surface;46;604869
7;Rotated Surface;46;29925
7;Concatenated;46;772659297
7;Measurement State Prep;46;201560166699271039800
7;Tanner Network;46;26457196299288981037
7;Dual Surface;47;448381
7;Rotated Surface;47;24361
7;Concatenated;47;552158561
7;Measurement State Prep;47;38901065622694308572665
7;Tanner Network;47;12311240770430670009
7;Dual Surface;48;507333
7;Rotated Surface;48;22265
7;Concatenated;48;725697569
7;Measurement State Prep;48;4991362933108454214975
7;Tanner Network;48;497639097452568845
7;Dual Surface;49;628785
7;Rotated Surface;49;17113
7;Concatenated;49;1148738081
7;Measurement State Prep;49;1467608999417835557775
7;Tanner Network;49;3148254695296808213949
7;Dual Surface;50;536949
7;Rotated Surface;50;15939
7;Concatenated;50;158580577
7;Measurement State Prep;50;57922223200264960433
7;Tanner Network;50;3191954201176868251
7;Dual Surface;51;533541
7;Rotated Surface;51;22955
7;Concatenated;51;941768801
7;Measurement State Prep;51;252329419859224532607
7;Tanner Network;51;12301100183849647547
7;Dual Surface;52;576229
7;Rotated Surface;52;28007
7;Concatenated;52;529359393
7;Measurement State Prep;52;125165338152979742017401
7;Tanner Network;52;3116032424994203149
7;Dual Surface;53;584397
7;Rotated Surface;53;11705
7;Concatenated;53;871236129
7;Measurement State Prep;53;9764543504259075457717
7;Tanner Network;53;12369442445037153101
7;Dual Surface;54;540837
7;Rotated Surface;54;14737
7;Concatenated;54;186309473
7;Measurement State Prep;54;35723723097340591607038
7;Tanner Network;54;3628237313506442993
7;Dual Surface;55;571813
7;Rotated Surface;55;20613
7;Concatenated;55;713883361
7;Measurement State Prep;55;7369071453936368636431
7;Tanner Network;55;543405803482173373
7;Dual Surface;56;678569
7;Rotated Surface;56;19325
7;Concatenated;56;3705898849
7;Measurement State Prep;56;1667043942231059355124
7;Tanner Network;56;3138980335043739515
7;Dual Surface;57;570729
7;Rotated Surface;57;21927
7;Concatenated;57;210108961
7;Measurement State Prep;57;11742362814475790984127
7;Tanner Network;57;12323390060939503297
7;Dual Surface;58;516501
7;Rotated Surface;58;22649
7;Concatenated;58;586529505
7;Measurement State Prep;58;294033502783628931497215
7;Tanner Network;58;1643795763678166505
7;Dual Surface;59;668293
7;Rotated Surface;59;31577
7;Concatenated;59;1838064417
7;Measurement State Prep;59;617622779900164276035
7;Tanner Network;59;3141803237525168360189
7;Dual Surface;60;611589
7;Rotated Surface;60;21573
7;Concatenated;60;320469921
7;Measurement State Prep;60;2733470631196001911346
7;Tanner Network;60;3138689290982633037
7;Dual Surface;61;510757
7;Rotated Surface;61;15921
7;Concatenated;61;1000901345
7;Measurement State Prep;61;2135211215130990720952
7;Tanner Network;61;3141134167752447955693
7;Dual Surface;62;636213
7;Rotated Surface;62;19387
7;Concatenated;62;2341216289
7;Measurement State Prep;62;110188130360016890749773
7;Tanner Network;62;960679802836884881
7;Dual Surface;63;624901
7;Rotated Surface;63;36653
7;Concatenated;63;645315809
7;Measurement State Prep;63;380025053292363619709545
7;Tanner Network;63;97784506525117873469
7;Dual Surface;64;546149
7;Rotated Surface;64;16371
7;Concatenated;64;538211169
7;Measurement State Prep;64;1180769244576105650447541
7;Tanner Network;64;335263225711998169
7;Dual Surface;65;672045
7;Rotated Surface;65;31453
7;Concatenated;65;321317729
7;Measurement State Prep;65;44993838146948423937679
7;Tanner Network;65;5605158332013333801
7;Dual Surface;66;541149
7;Rotated Surface;66;17213
7;Concatenated;66;2220559905
7;Measurement State Prep;66;367592780559830451971
7;Tanner Network;66;1853347868588012481
7;Dual Surface;67;534053
7;Rotated Surface;67;21345
7;Concatenated;67;658459681
7;Measurement State Prep;67;2555915840978806112235
7;Tanner Network;67;3157234380762940827
7;Dual Surface;68;651733
7;Rotated Surface;68;21959
7;Concatenated;68;240046369
7;Measurement State Prep;68;82091915126886062474219
7;Tanner Network;68;3147159683901361310957
7;Dual Surface;69;660533
7;Rotated Surface;69;23871
7;Concatenated;69;420137761
7;Measurement State Prep;69;5560676969058441841391
7;Tanner Network;69;196444181820506990525
7;Dual Surface;70;659169
7;Rotated Surface;70;18089
7;Concatenated;70;2020506337
7;Measurement State Prep;70;13035438118755492184421
7;Tanner Network;70;3563717866399010203
7;Dual Surface;71;612741
7;Rotated Surface;71;16009
7;Concatenated;71;547794145
7;Measurement State Prep;71;11174578247497571578567
7;Tanner Network;71;196446931858618423229
7;Dual Surface;72;658373
7;Rotated Surface;72;19477
7;Concatenated;72;1625908449
7;Measurement State Prep;72;6049348528193924667575
7;Tanner Network;72;68237364830608701
7;Dual Surface;73;528069
7;Rotated Surface;73;23467
7;Concatenated;73;1279587681
7;Measurement State Prep;73;4487621035002051893391
7;Tanner Network;73;3433168396521083835
7;Dual Surface;74;544805
7;Rotated Surface;74;20073
7;Concatenated;74;511504737
7;Measurement State Prep;74;307555202013486875287
7;Tanner Network;74;3134073430713537735
7;Dual Surface;75;626917
7;Rotated Surface;75;17357
7;Concatenated;75;7266318049
7;Measurement State Prep;75;12136160278328544529450
7;Tanner Network;75;3149646175445968811
7;Dual Surface;76;613557
7;Rotated Surface;76;21563
7;Concatenated;76;199633697
7;Measurement State Prep;76;929268650027712337735
7;Tanner Network;76;875934086237661297
7;Dual Surface;77;574885
7;Rotated Surface;77;16019
7;Concatenated;77;1590465057
7;Measurement State Prep;77;4410358860673410326499
7;Tanner Network;77;66843591426351225
7;Dual Surface;78;575973
7;Rotated Surface;78;14305
7;Concatenated;78;118481441
7;Measurement State Prep;78;462359449097977008924153
7;Tanner Network;78;63309862154942279581
7;Dual Surface;79;475485
7;Rotated Surface;79;18325
7;Concatenated;79;1009807593
7;Measurement State Prep;79;3616832190778338321432
7;Tanner Network;79;3901369664538118473
7;Dual Surface;80;562829
7;Rotated Surface;80;16175
7;Concatenated;80;950047265
7;Measurement State Prep;80;2138278815196379256865
7;Tanner Network;80;1128421011709787129
7;Dual Surface;81;548685
7;Rotated Surface;81;12057
7;Concatenated;81;380961529
7;Measurement State Prep;81;13767775539875308210603
7;Tanner Network;81;324994582049058233
7;Dual Surface;82;590181
7;Rotated Surface;82;21991
7;Concatenated;82;317403169
7;Measurement State Prep;82;1328228795793149233970
7;Tanner Network;82;3142516977479779361725
7;Dual Surface;83;604261
7;Rotated Surface;83;19381
7;Concatenated;83;1259209249
7;Measurement State Prep;83;202617652203629465011
7;Tanner Network;83;3229328019129339297
7;Dual Surface;84;516389
7;Rotated Surface;84;22117
7;Concatenated;84;502223457
7;Measurement State Prep;84;7419837116065280904522287
7;Tanner Network;84;12344638208860765595
7;Dual Surface;85;525397
7;Rotated Surface;85;31977
7;Concatenated;85;350445089
7;Measurement State Prep;85;414983086076089688342955
7;Tanner Network;85;3146826161250588829805
7;Dual Surface;86;583141
7;Rotated Surface;86;17847
7;Concatenated;86;2475948897
7;Measurement State Prep;86;543540649711877120503959
7;Tanner Network;86;1867836666578883017
7;Dual Surface;87;300829
7;Rotated Surface;87;17631
7;Concatenated;87;684507425
7;Measurement State Prep;87;12512641085274153810230
7;Tanner Network;87;1535395039851260081
7;Dual Surface;88;572277
7;Rotated Surface;88;20385
7;Concatenated;88;4031033953
7;Measurement State Prep;88;462052659136270336700655
7;Tanner Network;88;12395428784450138449
7;Dual Surface;89;582229
7;Rotated Surface;89;18185
7;Concatenated;89;372539745
7;Measurement State Prep;89;76358526250048750614589
7;Tanner Network;89;197230338697822349245
7;Dual Surface;90;572617
7;Rotated Surface;90;22951
7;Concatenated;90;4133092385
7;Measurement State Prep;90;45133879099571273159330
7;Tanner Network;90;3146902827526662605037
7;Dual Surface;91;575205
7;Rotated Surface;91;22023
7;Concatenated;91;763707937
7;Measurement State Prep;91;10585094051862119777631
7;Tanner Network;91;3146489667250891603389
7;Dual Surface;92;552973
7;Rotated Surface;92;16787
7;Concatenated;92;251781665
7;Measurement State Prep;92;21920503291653652475808
7;Tanner Network;92;470196568939972005
7;Dual Surface;93;612221
7;Rotated Surface;93;21035
7;Concatenated;93;2036848481
7;Measurement State Prep;93;6019218291758078577154627
7;Tanner Network;93;24659874536244198225
7;Dual Surface;94;523301
7;Rotated Surface;94;15887
7;Concatenated;94;2347953393
7;Measurement State Prep;94;109020240916300466319
7;Tanner Network;94;204226219170701317
7;Dual Surface;95;634341
7;Rotated Surface;95;29223
7;Concatenated;95;435940449
7;Measurement State Prep;95;57487759384864181707273
7;Tanner Network;95;246772972941002685
7;Dual Surface;96;563845
7;Rotated Surface;96;20405
7;Concatenated;96;903311073
7;Measurement State Prep;96;1262648682334066159811
7;Tanner Network;96;302115637577344369
7;Dual Surface;97;586053
7;Rotated Surface;97;20553
7;Concatenated;97;1630761449
7;Measurement State Prep;97;168845769258886011488
7;Tanner Network;97;1726951730947727285
7;Dual Surface;98;569645
7;Rotated Surface;98;17925
7;Concatenated;98;2015685353
7;Measurement State Prep;98;45407251884617637257046
7;Tanner Network;98;3207746541714426625
7;Dual Surface;99;547029
7;Rotated Surface;99;29585
7;Concatenated;99;1795407585
7;Measurement State Prep;99;189123652842321724185
7;Tanner Network;99;3312371970771229505
9;Dual Surface;0;14072213
9;Rotated Surface;0;188283
9;Concatenated;0;2287743247457
9;Measurement State Prep;0;10314507151602173279005270387285513770421
9;Tanner Network;0;55768006609036192398789410541
9;Dual Surface;1;15242581
9;Rotated Surface;1;191469
9;Concatenated;1;343213105697
9;Measurement State Prep;1;2115186260480767312014723231655985003
9;Tanner Network;1;55534953294233866852143228665
9;Dual Surface;2;14572149
9;Rotated Surface;2;190109
9;Concatenated;2;439675447905
9;Measurement State Prep;2;146883705140335622899651842842626743943493
